Initial_Weights,Final_Weights,Runtime_Before,Runtime_After,Fidelity
"[9.990681734743143, 3.97588599704583e-07, 9.990681734743143]","[9.990681734743143, -3.97588599704583e-07, 9.990681734743143]",0.07861306900804121,0.07861306900804121,1.0
"[10.956120111918928, 8.65584161082208e-07, 10.956120111918928]","[10.956120111918928, -8.65584161082208e-07, 10.956120111918928]",0.645172141083753,0.645172141083753,1.0
"[8.690769114889052, -1.0654877350377892e-08, 8.690769114889052]","[8.690769114889052, 1.0654877350377892e-08, 8.690769114889052]",0.09037153886904788,0.09037153886904788,1.0
"[9.334195027189791, 2.721231222218796e-07, 9.334195027189791]","[9.334195027189791, -2.721231222218796e-07, 9.334195027189791]",0.2524261045893936,0.2524261045893936,1.0
"[10.662553874900174, -1.57825864760532e-06, 10.662553874900174]","[10.662553874900174, 1.57825864760532e-06, 10.662553874900174]",3.903952391280043,3.903952391280043,1.0
"[9.93294681504146, 9.446293771250587e-07, 9.93294681504146]","[9.93294681504146, -9.446293771250587e-07, 9.93294681504146]",2.9255902187761893,2.9255902187761893,1.0
"[12.55428787457995, -1.4541011067184226e-06, 12.55428787457995]","[12.55428787457995, 1.4541011067184226e-06, 12.55428787457995]",2.3147256408346215,2.3147256408346215,1.0
"[10.144774122834155, -6.885827330229006e-07, 10.144774122834155]","[10.144774122834155, 6.885827330229006e-07, 10.144774122834155]",3.7935304961627088,3.7935304961627088,1.0
"[11.711697280737358, -2.2987139425198233e-07, 11.711697280737358]","[11.711697280737358, 2.2987139425198233e-07, 11.711697280737358]",1.0059150391775264,1.0059150391775264,1.0
"[8.842466207529379, 4.19480415333729e-07, 8.842466207529379]","[8.842466207529379, -4.19480415333729e-07, 8.842466207529379]",0.7993904986098326,0.7993904986098326,1.0
"[8.74096840141607, 4.133393924436952e-07, 8.74096840141607]","[8.74096840141607, -4.133393924436952e-07, 8.74096840141607]",0.08985253433346665,0.08985253433346665,1.0
"[9.881417972554223, 4.2265832132729755e-07, 9.881417972554223]","[9.881417972554223, -4.2265832132729755e-07, 9.881417972554223]",0.5563763377940615,0.5563763377940615,1.0
"[7.442475221262856, 9.935094067336482e-08, 7.442475221262856]","[7.442475221262856, -9.935094067336482e-08, 7.442475221262856]",0.3165874849168851,0.3165874849168851,1.0
"[5.094830057973546, -6.170797557539656e-08, 5.094830057973546]","[5.094830057973546, 6.170797557539656e-08, 5.094830057973546]",0.15415591008966015,0.15415591008966015,1.0
"[7.342461750525597, -5.632536916292325e-07, 7.342461750525597]","[7.342461750525597, 5.632536916292325e-07, 7.342461750525597]",1.604498988383313,1.604498988383313,1.0
"[4.701824060966, 2.1775566738309644e-08, 4.701824060966]","[4.701824060966, -2.1775566738309644e-08, 4.701824060966]",1.169288145660346,1.169288145660346,1.0
"[3.7752303483932397, 2.885837365038662e-07, 3.7752303483932397]","[3.7752303483932397, -2.885837365038662e-07, 3.7752303483932397]",1.4562785939994427,1.4562785939994427,1.0
"[2.705654445799225, -4.337936503485805e-09, 2.705654445799225]","[2.705654445799225, 4.337936503485805e-09, 2.705654445799225]",7.837567895451725,7.837567895451725,1.0
"[3.366720838933483, 3.759774315823474e-08, 3.366720838933483]","[3.366720838933483, -3.759774315823474e-08, 3.366720838933483]",0.23328284148543085,0.23328284148543085,1.0
"[2.9643310180134663, 6.46465816007137e-08, 2.9643310180134663]","[2.9643310180134663, -6.46465816007137e-08, 2.9643310180134663]",0.264949548017677,0.264949548017677,1.0
"[3.2390804124966213, -8.30583653943879e-08, 3.2390804124966213]","[3.2390804124966213, 8.30583653943879e-08, 3.2390804124966213]",0.7274269823935106,0.7274269823935106,1.0
"[5.673478805343227, -8.200610224369117e-07, 5.673478805343227]","[5.673478805343227, 8.200610224369117e-07, 5.673478805343227]",1.7996323737569817,1.7996323737569817,1.0
"[7.222618064933676, -4.010140695691803e-07, 7.222618064933676]","[7.222618064933676, 4.010140695691803e-07, 7.222618064933676]",1.6311221699731273,1.6311221699731273,1.0
"[7.786057148149909, -9.176331015538047e-07, 7.786057148149909]","[7.786057148149909, 9.176331015538047e-07, 7.786057148149909]",2.1183201095970037,2.1183201095970037,1.0
"[8.345884340064275, -7.352440782701426e-07, 8.345884340064275]","[8.345884340064275, 7.352440782701426e-07, 8.345884340064275]",1.0351664899048332,1.0351664899048332,1.0
"[9.475962776778823, 3.1950723307726897e-09, 9.475962776778823]","[9.475962776778823, -3.1950723307726897e-09, 9.475962776778823]",0.414416022400697,0.414416022400697,1.0
"[7.798542069988148, 9.447790358256847e-07, 7.798542069988148]","[7.798542069988148, -9.447790358256847e-07, 7.798542069988148]",1.1078198617025825,1.1078198617025825,1.0
"[9.59515020850685, 4.1044985248582974e-07, 9.59515020850685]","[9.59515020850685, -4.1044985248582974e-07, 9.59515020850685]",0.5729756204241514,0.5729756204241514,1.0
"[7.5361452309878105, 7.647322645188294e-07, 7.5361452309878105]","[7.5361452309878105, -7.647322645188294e-07, 7.5361452309878105]",1.1463924237994099,1.1463924237994099,1.0
"[6.823873727781003, -1.8918940897525514e-07, 6.823873727781003]","[6.823873727781003, 1.8918940897525514e-07, 6.823873727781003]",1.4962434149906163,1.4962434149906163,1.0
"[6.895381406434996, -4.037131101940335e-07, 6.895381406434996]","[6.895381406434996, 4.037131101940335e-07, 6.895381406434996]",1.9363350601977283,1.9363350601977283,1.0
"[3.9118362100829196, 1.7602306485475427e-07, 3.9118362100829196]","[3.9118362100829196, -1.7602306485475427e-07, 3.9118362100829196]",1.0038740392210848,1.0038740392210848,1.0
"[3.6350562344589177, 2.074970978580901e-07, 3.6350562344589177]","[3.6350562344589177, -2.074970978580901e-07, 3.6350562344589177]",1.9445595926605186,1.9445595926605186,1.0
"[5.861950311674692, -3.2756253515849314e-07, 5.861950311674692]","[5.861950311674692, 3.2756253515849314e-07, 5.861950311674692]",2.2777007766792865,2.2777007766792865,1.0
"[5.022169684291883, -5.407077740431753e-07, 5.022169684291883]","[5.022169684291883, 5.407077740431753e-07, 5.022169684291883]",1.7202484863221394,1.7202484863221394,1.0
"[5.393649248426769, -1.4518319000294745e-07, 5.393649248426769]","[5.393649248426769, 1.4518319000294745e-07, 5.393649248426769]",0.14561535747370577,0.14561535747370577,1.0
"[4.764795103078483, 1.3431341741631218e-12, 4.764795103078483]","[4.764795103078483, -1.3431341741631218e-12, 4.764795103078483]",0.16483354118471444,0.16483354118471444,1.0
"[6.728405176213157, 2.685049203869334e-07, 6.728405176213157]","[6.728405176213157, -2.685049203869334e-07, 6.728405176213157]",0.3501861776282688,0.3501861776282688,1.0
"[7.194774587924088, -5.724703097283399e-07, 7.194774587924088]","[7.194774587924088, 5.724703097283399e-07, 7.194774587924088]",3.602355998145892,3.602355998145892,1.0
"[8.684256336734823, -9.151118933149814e-07, 8.684256336734823]","[8.684256336734823, 9.151118933149814e-07, 8.684256336734823]",3.8888903916181428,3.8888903916181428,1.0
"[9.589567086617848, 1.0879053571145903e-06, 9.589567086617848]","[9.589567086617848, -1.0879053571145903e-06, 9.589567086617848]",4.013164480110723,4.013164480110723,1.0
"[10.43739892304975, -1.0210017278876398e-06, 10.43739892304975]","[10.43739892304975, 1.0210017278876398e-06, 10.43739892304975]",2.9346898205521,2.9346898205521,1.0
"[9.081420805773037, 9.329009223118678e-07, 9.081420805773037]","[9.081420805773037, -9.329009223118678e-07, 9.081420805773037]",5.102559679977865,5.102559679977865,1.0
"[8.42889480493667, -1.0265762878286006e-06, 8.42889480493667]","[8.42889480493667, 1.0265762878286006e-06, 8.42889480493667]",8.106595443101353,8.106595443101353,1.0
"[10.264629916728016, 3.909529075263012e-07, 10.264629916728016]","[10.264629916728016, -3.909529075263012e-07, 10.264629916728016]",7.881045056708874,7.881045056708874,1.0
"[8.850071629970442, 1.6648842965635092e-07, 8.850071629970442]","[8.850071629970442, -1.6648842965635092e-07, 8.850071629970442]",4.525986677811852,4.525986677811852,1.0
"[6.0283249392602, -3.471348081181598e-08, 6.0283249392602]","[6.0283249392602, 3.471348081181598e-08, 6.0283249392602]",9.250209663021558,9.250209663021558,1.0
"[4.131662461767074, -3.6423338785355995e-07, 4.131662461767074]","[4.131662461767074, 3.6423338785355995e-07, 4.131662461767074]",7.033423546724297,7.033423546724297,1.0
"[4.431002038323194, 1.9272112171489796e-07, 4.431002038323194]","[4.431002038323194, -1.9272112171489796e-07, 4.431002038323194]",7.976280996444135,7.976280996444135,1.0
"[7.008465019396078, -2.9419084621773407e-07, 7.008465019396078]","[7.008465019396078, 2.9419084621773407e-07, 7.008465019396078]",9.525458670950528,9.525458670950528,1.0
"[9.769658639080669, 1.7375278220945837e-06, 9.769658639080669]","[9.769658639080669, -1.7375278220945837e-06, 9.769658639080669]",5.064668697441336,5.064668697441336,1.0
"[11.936242166479998, -1.3362204787696355e-06, 11.936242166479998]","[11.936242166479998, 1.3362204787696355e-06, 11.936242166479998]",1.2501895400934229,1.2501895400934229,1.0
"[9.030606091618477, 6.808999134371612e-07, 9.030606091618477]","[9.030606091618477, -6.808999134371612e-07, 9.030606091618477]",1.8263847701989067,1.8263847701989067,1.0
"[10.80132306980273, 9.304064802395524e-07, 10.80132306980273]","[10.80132306980273, -9.304064802395524e-07, 10.80132306980273]",0.6544182990266392,0.6544182990266392,1.0
"[7.98368046936273, 3.3410260431552875e-07, 7.98368046936273]","[7.98368046936273, -3.3410260431552875e-07, 7.98368046936273]",0.09837545453143949,0.09837545453143949,1.0
"[5.971609855589096, 2.965309143464715e-07, 5.971609855589096]","[5.971609855589096, -2.965309143464715e-07, 5.971609855589096]",0.13152201540131683,0.13152201540131683,1.0
"[6.695863916552661, 5.854097081962619e-07, 6.695863916552661]","[6.695863916552661, -5.854097081962619e-07, 6.695863916552661]",1.2902561798036067,1.2902561798036067,1.0
"[6.4633503053069425, -2.079932856214071e-07, 6.4633503053069425]","[6.4633503053069425, 2.079932856214071e-07, 6.4633503053069425]",0.6075782112200939,0.6075782112200939,1.0
"[7.619937404987447, -3.665337436979871e-07, 7.619937404987447]","[7.619937404987447, 3.665337436979871e-07, 7.619937404987447]",0.10307147180544803,0.10307147180544803,1.0
"[5.378322422184245, 2.48685914291683e-08, 5.378322422184245]","[5.378322422184245, -2.48685914291683e-08, 5.378322422184245]",3.066636791984901,3.066636791984901,1.0
"[6.718611167415027, 8.948392099357549e-07, 6.718611167415027]","[6.718611167415027, -8.948392099357549e-07, 6.718611167415027]",3.1562699362662183,3.1562699362662183,1.0
"[8.396858441574858, 9.208885472310277e-07, 8.396858441574858]","[8.396858441574858, -9.208885472310277e-07, 8.396858441574858]",1.0288823920022068,1.0288823920022068,1.0
"[6.486271009303203, 2.686881827344733e-07, 6.486271009303203]","[6.486271009303203, -2.686881827344733e-07, 6.486271009303203]",2.5428110246613462,2.5428110246613462,1.0
"[4.909219763039684, -1.608339657360988e-07, 4.909219763039684]","[4.909219763039684, 1.608339657360988e-07, 4.909219763039684]",1.4398588395930838,1.4398588395930838,1.0
"[5.0414535547199915, 2.953714857300751e-07, 5.0414535547199915]","[5.0414535547199915, -2.953714857300751e-07, 5.0414535547199915]",6.698885676423702,6.698885676423702,1.0
"[3.492741869135564, -2.7958551081097073e-07, 3.492741869135564]","[3.492741869135564, 2.7958551081097073e-07, 3.492741869135564]",6.071376365208894,6.071376365208894,1.0
"[2.1481540312253253, -1.9484576426836835e-07, 2.1481540312253253]","[2.1481540312253253, 1.9484576426836835e-07, 2.1481540312253253]",5.4842307766179,5.4842307766179,1.0
"[3.3373255246763005, -2.5655574909859464e-07, 3.3373255246763005]","[3.3373255246763005, 2.5655574909859464e-07, 3.3373255246763005]",4.471414308918141,4.471414308918141,1.0
"[4.172444677337594, -4.061953954612981e-07, 4.172444677337594]","[4.172444677337594, 4.061953954612981e-07, 4.172444677337594]",5.082332320989759,5.082332320989759,1.0
"[5.885431761530667, 8.174164514679293e-07, 5.885431761530667]","[5.885431761530667, -8.174164514679293e-07, 5.885431761530667]",6.005152856328512,6.005152856328512,1.0
"[7.620859088829438, 7.832811564166198e-07, 7.620859088829438]","[7.620859088829438, -7.832811564166198e-07, 7.620859088829438]",6.080481360477037,6.080481360477037,1.0
"[9.848558625292878, -1.040300120425979e-06, 9.848558625292878]","[9.848558625292878, 1.040300120425979e-06, 9.848558625292878]",6.140559332846194,6.140559332846194,1.0
"[7.996891173826434, 5.115852828514409e-07, 7.996891173826434]","[7.996891173826434, -5.115852828514409e-07, 7.996891173826434]",6.383840859048108,6.383840859048108,1.0
"[9.36808060338679, 4.630460738554338e-07, 9.36808060338679]","[9.36808060338679, -4.630460738554338e-07, 9.36808060338679]",0.08383768208756805,0.08383768208756805,1.0
"[8.574338765771861, -4.142752591016462e-07, 8.574338765771861]","[8.574338765771861, 4.142752591016462e-07, 8.574338765771861]",0.09159868589898743,0.09159868589898743,1.0
"[6.767957501137786, -4.013878537570602e-07, 6.767957501137786]","[6.767957501137786, 4.013878537570602e-07, 6.767957501137786]",0.8123258963812745,0.8123258963812745,1.0
"[4.607007100373894, 8.12732761661721e-10, 4.607007100373894]","[4.607007100373894, -8.12732761661721e-10, 4.607007100373894]",1.1933533086184311,1.1933533086184311,1.0
"[4.801866190316487, 1.2169154728769657e-07, 4.801866190316487]","[4.801866190316487, -1.2169154728769657e-07, 4.801866190316487]",0.490683080832404,0.490683080832404,1.0
"[3.398682239810962, 1.6551002385482261e-07, 3.398682239810962]","[3.398682239810962, -1.6551002385482261e-07, 3.398682239810962]",0.23108902291549277,0.23108902291549277,1.0
"[2.4487095024913557, -8.961638982021994e-08, 2.4487095024913557]","[2.4487095024913557, 8.961638982021994e-08, 2.4487095024913557]",0.3207396235401208,0.3207396235401208,1.0
"[1.2989723710086212, 8.936887621764214e-09, 1.2989723710086212]","[1.2989723710086212, -8.936887621764214e-09, 1.2989723710086212]",1.813891152976473,1.813891152976473,1.0
"[2.57414425851297, -1.5800530254694453e-07, 2.57414425851297]","[2.57414425851297, 1.5800530254694453e-07, 2.57414425851297]",2.1357727429612257,2.1357727429612257,1.0
"[1.522254121713839, -2.1507779792481156e-08, 1.522254121713839]","[1.522254121713839, 2.1507779792481156e-08, 1.522254121713839]",1.547832557259722,1.547832557259722,1.0
"[3.4142999652137154, -7.598462661465322e-12, 3.4142999652137154]","[3.4142999652137154, 7.598462661465322e-12, 3.4142999652137154]",0.23003199370857907,0.23003199370857907,1.0
"[2.6972716591616765, 5.386618643176942e-08, 2.6972716591616765]","[2.6972716591616765, -5.386618643176942e-08, 2.6972716591616765]",0.873547344618401,0.873547344618401,1.0
"[3.477442593386735, -5.732246712768061e-08, 3.477442593386735]","[3.477442593386735, 5.732246712768061e-08, 3.477442593386735]",1.129275524771711,1.129275524771711,1.0
"[1.1756105771982535, -2.8767362433128807e-08, 1.1756105771982535]","[1.1756105771982535, 2.8767362433128807e-08, 1.1756105771982535]",0.6680768063619429,0.6680768063619429,1.0
"[1.2061992468726237, 3.383282543421884e-08, 1.2061992468726237]","[1.2061992468726237, -3.383282543421884e-08, 1.2061992468726237]",0.6511346782508836,0.6511346782508836,1.0
"[2.0650817882962724, 1.0199275196613335e-07, 2.0650817882962724]","[2.0650817882962724, -1.0199275196613335e-07, 2.0650817882962724]",2.662261211609398,2.662261211609398,1.0
"[4.340070797547434, 3.466904700633498e-07, 4.340070797547434]","[4.340070797547434, -3.466904700633498e-07, 4.340070797547434]",3.0763942342373802,3.0763942342373802,1.0
"[5.966345986198008, -1.9803884746588163e-08, 5.966345986198008]","[5.966345986198008, 1.9803884746588163e-08, 5.966345986198008]",3.0276751965765425,3.0276751965765425,1.0
"[4.068721790470788, -3.847597921293309e-08, 4.068721790470788]","[4.068721790470788, 3.847597921293309e-08, 4.068721790470788]",2.8954971756371206,2.8954971756371206,1.0
"[3.9327463425906672, 4.4738619639177683e-07, 3.9327463425906672]","[3.9327463425906672, -4.4738619639177683e-07, 3.9327463425906672]",5.39209717431341,5.39209717431341,1.0
"[6.276505655327405, 4.944819349879637e-07, 6.276505655327405]","[6.276505655327405, -4.944819349879637e-07, 6.276505655327405]",1.1261972598682823,1.1261972598682823,1.0
"[8.277931423885367, -8.641781295367062e-10, 8.277931423885367]","[8.277931423885367, 8.641781295367062e-10, 8.277931423885367]",7.305648657883751,7.305648657883751,1.0
"[8.542795047495275, 5.977311167237518e-08, 8.542795047495275]","[8.542795047495275, -5.977311167237518e-08, 8.542795047495275]",5.424277565894233,5.424277565894233,1.0
"[9.386754671989856, -1.0594756302842125e-06, 9.386754671989856]","[9.386754671989856, 1.0594756302842125e-06, 9.386754671989856]",6.944684274817557,6.944684274817557,1.0
"[10.261053671160024, -2.711199085809937e-07, 10.261053671160024]","[10.261053671160024, 2.711199085809937e-07, 10.261053671160024]",2.525875043901404,2.525875043901404,1.0
"[11.506115850020066, -3.3692518497206066e-07, 11.506115850020066]","[11.506115850020066, 3.3692518497206066e-07, 11.506115850020066]",2.935145227676303,2.935145227676303,1.0
"[12.005906872271984, -2.3539525268610795e-07, 12.005906872271984]","[12.005906872271984, 2.3539525268610795e-07, 12.005906872271984]",4.513817560886165,4.513817560886165,1.0
"[10.784343744237452, -5.097195528500026e-07, 10.784343744237452]","[10.784343744237452, 5.097195528500026e-07, 10.784343744237452]",0.0728276269770352,0.0728276269770352,1.0
"[12.654657861992979, 1.0691316694889657e-06, 12.654657861992979]","[12.654657861992979, -1.0691316694889657e-06, 12.654657861992979]",1.5515989688045173,1.5515989688045173,1.0
"[13.383136867484216, 6.74672385922338e-07, 13.383136867484216]","[13.383136867484216, -6.74672385922338e-07, 13.383136867484216]",2.4061118867869395,2.4061118867869395,1.0
"[12.779869500050903, 8.618519529396542e-07, 12.779869500050903]","[12.779869500050903, -8.618519529396542e-07, 12.779869500050903]",0.4301911802589407,0.4301911802589407,1.0
"[13.005225006316694, 5.579612985492363e-07, 13.005225006316694]","[13.005225006316694, -5.579612985492363e-07, 13.005225006316694]",0.06039097078412537,0.06039097078412537,1.0
"[13.426081730323652, -5.625891988489285e-07, 13.426081730323652]","[13.426081730323652, 5.625891988489285e-07, 13.426081730323652]",0.17549382891590257,0.17549382891590257,1.0
"[13.318534748053807, -9.078552893409111e-07, 13.318534748053807]","[13.318534748053807, 9.078552893409111e-07, 13.318534748053807]",0.6486734435046242,0.6486734435046242,1.0
"[12.753455494500875, -7.405620679577814e-08, 12.753455494500875]","[12.753455494500875, 7.405620679577814e-08, 12.753455494500875]",0.061583160268180136,0.061583160268180136,1.0
"[13.41540616397255, -8.846186193074229e-07, 13.41540616397255]","[13.41540616397255, 8.846186193074229e-07, 13.41540616397255]",2.5174132347161446,2.5174132347161446,1.0
"[10.54481370734782, 9.42396701203007e-07, 10.54481370734782]","[10.54481370734782, -9.42396701203007e-07, 10.54481370734782]",8.11853128317248,8.11853128317248,1.0
"[10.047370118776502, 3.906296683788908e-09, 10.047370118776502]","[10.047370118776502, -3.906296683788908e-09, 10.047370118776502]",4.455663000203889,4.455663000203889,1.0
"[7.068453088024321, -3.1177328777125474e-07, 7.068453088024321]","[7.068453088024321, 3.1177328777125474e-07, 7.068453088024321]",6.555676481445517,6.555676481445517,1.0
"[6.604637962517744, 9.418524186684648e-07, 6.604637962517744]","[6.604637962517744, -9.418524186684648e-07, 6.604637962517744]",1.3080777245453483,1.3080777245453483,1.0
"[6.809499067457399, 1.856486695753945e-08, 6.809499067457399]","[6.809499067457399, -1.856486695753945e-08, 6.809499067457399]",4.49820582679487,4.49820582679487,1.0
"[8.048680179242819, -3.864490348974331e-07, 8.048680179242819]","[8.048680179242819, 3.864490348974331e-07, 8.048680179242819]",0.09758098792680996,0.09758098792680996,1.0
"[10.62950263673358, -1.611164984993301e-07, 10.62950263673358]","[10.62950263673358, 1.611164984993301e-07, 10.62950263673358]",5.6894156425963605,5.6894156425963605,1.0
"[12.748848882239729, 9.26992803883647e-08, 12.748848882239729]","[12.748848882239729, -9.26992803883647e-08, 12.748848882239729]",5.975725538943792,5.975725538943792,1.0
"[10.657400943635077, 1.2407963786207062e-06, 10.657400943635077]","[10.657400943635077, -1.2407963786207062e-06, 10.657400943635077]",6.411473170377644,6.411473170377644,1.0
"[12.406149944620097, -8.382494204847796e-07, 12.406149944620097]","[12.406149944620097, 8.382494204847796e-07, 12.406149944620097]",1.5826790887496038,1.5826790887496038,1.0
"[12.843490249291802, 7.1024517154569e-08, 12.843490249291802]","[12.843490249291802, -7.1024517154569e-08, 12.843490249291802]",0.0611514558761153,0.0611514558761153,1.0
"[10.802666925668737, 5.231604148611737e-07, 10.802666925668737]","[10.802666925668737, -5.231604148611737e-07, 10.802666925668737]",1.0905614819073122,1.0905614819073122,1.0
"[12.984662210019028, -8.565598021001586e-07, 12.984662210019028]","[12.984662210019028, 8.565598021001586e-07, 12.984662210019028]",1.6331383980718492,1.6331383980718492,1.0
"[10.835288396499156, 3.8069292038519344e-10, 10.835288396499156]","[10.835288396499156, -3.8069292038519344e-10, 10.835288396499156]",3.116864057850722,3.116864057850722,1.0
"[12.926254571040332, -6.311130788654917e-07, 12.926254571040332]","[12.926254571040332, 6.311130788654917e-07, 12.926254571040332]",0.06075991765812893,0.06075991765812893,1.0
"[9.943564382174669, -3.7514678453569567e-07, 9.943564382174669]","[9.943564382174669, 3.7514678453569567e-07, 9.943564382174669]",0.07898557631907374,0.07898557631907374,1.0
"[11.621663153188273, -5.317687884530527e-07, 11.621663153188273]","[11.621663153188273, 5.317687884530527e-07, 11.621663153188273]",2.094996451402183,2.094996451402183,1.0
"[10.372371867934882, -6.058697018191977e-07, 10.372371867934882]","[10.372371867934882, 6.058697018191977e-07, 10.372371867934882]",1.43868396684532,1.43868396684532,1.0
"[13.305980646871326, -6.35558793616659e-07, 13.305980646871326]","[13.305980646871326, 6.35558793616659e-07, 13.305980646871326]",0.05902595112988693,0.05902595112988693,1.0
"[12.871183282009863, -6.71412039543955e-07, 12.871183282009863]","[12.871183282009863, 6.71412039543955e-07, 12.871183282009863]",1.159377873626641,1.159377873626641,1.0
"[15.546197049883322, -1.451428789913078e-07, 15.546197049883322]","[15.546197049883322, 1.451428789913078e-07, 15.546197049883322]",2.1723718615215906,2.1723718615215906,1.0
"[15.9870861242348, -1.5029265106520367e-06, 15.9870861242348]","[15.9870861242348, 1.5029265106520367e-06, 15.9870861242348]",3.9792899557122032,3.9792899557122032,1.0
"[14.375193931162382, -6.3974408161466905e-09, 14.375193931162382]","[14.375193931162382, 6.3974408161466905e-09, 14.375193931162382]",4.753302147252175,4.753302147252175,1.0
"[12.728070812467692, -8.502699597539794e-07, 12.728070812467692]","[12.728070812467692, 8.502699597539794e-07, 12.728070812467692]",0.5553538768540941,0.5553538768540941,1.0
"[11.78523210481736, -1.0141122450855088e-06, 11.78523210481736]","[11.78523210481736, 1.0141122450855088e-06, 11.78523210481736]",2.465775114758316,2.465775114758316,1.0
"[9.519668455831457, -4.344549365899024e-09, 9.519668455831457]","[9.519668455831457, 4.344549365899024e-09, 9.519668455831457]",2.7225884493127763,2.7225884493127763,1.0
"[11.120281717509899, -1.621690273727517e-06, 11.120281717509899]","[11.120281717509899, 1.621690273727517e-06, 11.120281717509899]",8.122167323197218,8.122167323197218,1.0
"[13.52415028749127, 1.2421041879171893e-06, 13.52415028749127]","[13.52415028749127, -1.2421041879171893e-06, 13.52415028749127]",4.9362690046570465,4.9362690046570465,1.0
"[13.588060906241191, -1.4586925827976985e-06, 13.588060906241191]","[13.588060906241191, 1.4586925827976985e-06, 13.588060906241191]",4.335045497754843,4.335045497754843,1.0
"[14.018060400159667, -2.5811565469599442e-06, 14.018060400159667]","[14.018060400159667, 2.5811565469599442e-06, 14.018060400159667]",8.68427670102409,8.68427670102409,1.0
"[11.14379998092805, -1.5916054796616553e-06, 11.14379998092805]","[11.14379998092805, 1.5916054796616553e-06, 11.14379998092805]",6.413542327847742,6.413542327847742,1.0
"[10.832080001922874, 7.671939959390551e-07, 10.832080001922874]","[10.832080001922874, -7.671939959390551e-07, 10.832080001922874]",5.292987673451575,5.292987673451575,1.0
"[13.809133090474619, 1.4993043501211254e-06, 13.809133090474619]","[13.809133090474619, -1.4993043501211254e-06, 13.809133090474619]",9.043167819594318,9.043167819594318,1.0
"[16.33115406312147, 1.8769786564488278e-06, 16.33115406312147]","[16.33115406312147, -1.8769786564488278e-06, 16.33115406312147]",4.280189646922636,4.280189646922636,1.0
"[14.682969196158862, 6.247136548497026e-07, 14.682969196158862]","[14.682969196158862, -6.247136548497026e-07, 14.682969196158862]",0.05349041824612383,0.05349041824612383,1.0
"[12.240889931470658, -2.175672333106718e-09, 12.240889931470658]","[12.240889931470658, 2.175672333106718e-09, 12.240889931470658]",0.06416184371939765,0.06416184371939765,1.0
"[12.717679734711414, -1.2219322504510488e-06, 12.717679734711414]","[12.717679734711414, 1.2219322504510488e-06, 12.717679734711414]",0.6793204403375465,0.6793204403375465,1.0
"[11.656560023864742, 2.3111053505874096e-06, 11.656560023864742]","[11.656560023864742, -2.3111053505874096e-06, 11.656560023864742]",9.230814937268022,9.230814937268022,1.0
"[8.863145898247673, 1.2223168975470424e-06, 8.863145898247673]","[8.863145898247673, -1.2223168975470424e-06, 8.863145898247673]",6.291588815226854,6.291588815226854,1.0
"[10.931117494459723, 2.349225097461575e-07, 10.931117494459723]","[10.931117494459723, -2.349225097461575e-07, 10.931117494459723]",3.3769386982519873,3.3769386982519873,1.0
"[10.176055448113212, -8.90105290275887e-08, 10.176055448113212]","[10.176055448113212, 8.90105290275887e-08, 10.176055448113212]",7.332195260523366,7.332195260523366,1.0
"[11.14495723545321, 3.4725102841683294e-09, 11.14495723545321]","[11.14495723545321, -3.4725102841683294e-09, 11.14495723545321]",2.4664909164079343,2.4664909164079343,1.0
"[11.67324100919516, 1.7498681204900631e-06, 11.67324100919516]","[11.67324100919516, -1.7498681204900631e-06, 11.67324100919516]",4.6424530455369615,4.6424530455369615,1.0
"[12.845151659577981, 1.2145806648014657e-06, 12.845151659577981]","[12.845151659577981, -1.2145806648014657e-06, 12.845151659577981]",4.952627490998516,4.952627490998516,1.0
"[11.410341659707209, -1.7085246975125165e-06, 11.410341659707209]","[11.410341659707209, 1.7085246975125165e-06, 11.410341659707209]",7.915695382704167,7.915695382704167,1.0
"[11.411880609031792, -6.234793082652192e-07, 11.411880609031792]","[11.411880609031792, 6.234793082652192e-07, 11.411880609031792]",8.740502128328771,8.740502128328771,1.0
"[11.445913888645027, 1.8880673298608736e-06, 11.445913888645027]","[11.445913888645027, -1.8880673298608736e-06, 11.445913888645027]",6.793203142066082,6.793203142066082,1.0
"[10.215464598699478, -2.0345595079725065e-07, 10.215464598699478]","[10.215464598699478, 2.0345595079725065e-07, 10.215464598699478]",0.0768832532087078,0.0768832532087078,1.0
"[12.806872065449928, -1.5455942744905284e-07, 12.806872065449928]","[12.806872065449928, 1.5455942744905284e-07, 12.806872065449928]",0.7972419862988354,0.7972419862988354,1.0
"[12.578687558489891, -1.0539695113443274e-06, 12.578687558489891]","[12.578687558489891, 1.0539695113443274e-06, 12.578687558489891]",0.6868268058399278,0.6868268058399278,1.0
"[12.676957506630865, -6.143287364453113e-07, 12.676957506630865]","[12.676957506630865, 6.143287364453113e-07, 12.676957506630865]",0.06195478394454144,0.06195478394454144,1.0
"[13.12034447740906, -3.756926269160703e-07, 13.12034447740906]","[13.12034447740906, 3.756926269160703e-07, 13.12034447740906]",0.4190276523035184,0.4190276523035184,1.0
"[15.349152903160798, -5.814739335264588e-07, 15.349152903160798]","[15.349152903160798, 5.814739335264588e-07, 15.349152903160798]",0.15350648371657744,0.15350648371657744,1.0
"[17.207659515538623, 1.4440807117775782e-06, 17.207659515538623]","[17.207659515538623, -1.4440807117775782e-06, 17.207659515538623]",6.526857255988095,6.526857255988095,1.0
"[15.723854697470284, 3.279623254998499e-06, 15.723854697470284]","[15.723854697470284, -3.279623254998499e-06, 15.723854697470284]",4.944997246904909,4.944997246904909,1.0
"[18.578713450293623, -1.2935512828518747e-06, 18.578713450293623]","[18.578713450293623, 1.2935512828518747e-06, 18.578713450293623]",6.214290904928042,6.214290904928042,1.0
"[21.42682147016299, -3.203917444092492e-06, 21.42682147016299]","[21.42682147016299, 3.203917444092492e-06, 21.42682147016299]",7.807495347976241,7.807495347976241,1.0
"[23.91709035236081, 2.3850836286498044e-06, 23.91709035236081]","[23.91709035236081, -2.3850836286498044e-06, 23.91709035236081]",8.89919714919261,8.89919714919261,1.0
"[26.783954825700516, -1.1805471161084947e-06, 26.783954825700516]","[26.783954825700516, 1.1805471161084947e-06, 26.783954825700516]",6.597777957527748,6.597777957527748,1.0
"[24.85655244369225, -3.174324423977701e-06, 24.85655244369225]","[24.85655244369225, 3.174324423977701e-06, 24.85655244369225]",6.09826507087502,6.09826507087502,1.0
"[27.178854766974265, 1.7767854203582995e-10, 27.178854766974265]","[27.178854766974265, -1.7767854203582995e-10, 27.178854766974265]",4.363506990369369,4.363506990369369,1.0
"[29.21049582428126, 3.5397938283031197e-06, 29.21049582428126]","[29.21049582428126, -3.5397938283031197e-06, 29.21049582428126]",0.4033129913929351,0.4033129913929351,1.0
"[31.609350929529445, -1.5439355493562024e-06, 31.609350929529445]","[31.609350929529445, 1.5439355493562024e-06, 31.609350929529445]",0.02484701964138495,0.02484701964138495,1.0
"[33.67536527749542, -2.533523623929589e-06, 33.67536527749542]","[33.67536527749542, 2.533523623929589e-06, 33.67536527749542]",0.20990369109080728,0.20990369109080728,1.0
"[34.91665169138873, -3.2661113452330877e-06, 34.91665169138873]","[34.91665169138873, 3.2661113452330877e-06, 34.91665169138873]",7.26540474166643,7.26540474166643,1.0
"[35.26242555675747, 3.4547435210780896e-06, 35.26242555675747]","[35.26242555675747, -3.4547435210780896e-06, 35.26242555675747]",1.5813792931364379,1.5813792931364379,1.0
"[37.15121476963238, -6.093192445118329e-06, 37.15121476963238]","[37.15121476963238, 6.093192445118329e-06, 37.15121476963238]",5.179441674398807,5.179441674398807,1.0
"[38.37621129574834, 6.558598165437459e-06, 38.37621129574834]","[38.37621129574834, -6.558598165437459e-06, 38.37621129574834]",3.7452332852174113,3.7452332852174113,1.0
"[39.78862893823787, 1.9174607947052516e-06, 39.78862893823787]","[39.78862893823787, -1.9174607947052516e-06, 39.78862893823787]",0.019739261803079132,0.019739261803079132,1.0
"[40.53175007379062, -4.155640654382001e-08, 40.53175007379062]","[40.53175007379062, 4.155640654382001e-08, 40.53175007379062]",8.274131156683575,8.274131156683575,1.0
"[38.64240627220574, -1.8853694912080924e-06, 38.64240627220574]","[38.64240627220574, 1.8853694912080924e-06, 38.64240627220574]",0.0203247737178924,0.0203247737178924,1.0
"[41.55111215021245, -5.158303725869309e-07, 41.55111215021245]","[41.55111215021245, 5.158303725869309e-07, 41.55111215021245]",0.01890199557204475,0.01890199557204475,1.0
"[42.669608653381296, 2.0480186662244712e-06, 42.669608653381296]","[42.669608653381296, -2.0480186662244712e-06, 42.669608653381296]",0.01840650027464478,0.01840650027464478,1.0
"[40.1311680077906, -2.082133561588785e-06, 40.1311680077906]","[40.1311680077906, 2.082133561588785e-06, 40.1311680077906]",0.0587123327617883,0.0587123327617883,1.0
"[38.33864531896518, 1.8838321683295848e-06, 38.33864531896518]","[38.33864531896518, -1.8838321683295848e-06, 38.33864531896518]",0.020485808949774708,0.020485808949774708,1.0
"[37.38369769739328, 1.7633582938901596e-06, 37.38369769739328]","[37.38369769739328, -1.7633582938901596e-06, 37.38369769739328]",0.02100910856263994,0.02100910856263994,1.0
"[38.03816875232572, -3.2491766433308555e-06, 38.03816875232572]","[38.03816875232572, 3.2491766433308555e-06, 38.03816875232572]",0.9704387695905656,0.9704387695905656,1.0
"[36.60561348862629, -6.711927230355197e-06, 36.60561348862629]","[36.60561348862629, 6.711927230355197e-06, 36.60561348862629]",8.174612354675768,8.174612354675768,1.0
"[38.744977466295474, -5.412525734537308e-06, 38.744977466295474]","[38.744977466295474, 5.412525734537308e-06, 38.744977466295474]",9.142206160795476,9.142206160795476,1.0
"[40.51227275686692, 2.3731177462758712e-07, 40.51227275686692]","[40.51227275686692, -2.3731177462758712e-07, 40.51227275686692]",6.029255141587564,6.029255141587564,1.0
"[41.05432672431794, -5.939425496251841e-06, 41.05432672431794]","[41.05432672431794, 5.939425496251841e-06, 41.05432672431794]",6.867922656666561,6.867922656666561,1.0
"[38.78094678744077, 9.219072871839645e-06, 38.78094678744077]","[38.78094678744077, -9.219072871839645e-06, 38.78094678744077]",0.9923561232939421,0.9923561232939421,1.0
"[39.28601609870434, 1.9016998884766724e-06, 39.28601609870434]","[39.28601609870434, -1.9016998884766724e-06, 39.28601609870434]",0.019991799662866575,0.019991799662866575,1.0
"[41.874003458748206, -1.4106008755496024e-06, 41.874003458748206]","[41.874003458748206, 1.4106008755496024e-06, 41.874003458748206]",3.544926221956989,3.544926221956989,1.0
"[44.53307078654123, -7.702888823513686e-06, 44.53307078654123]","[44.53307078654123, 7.702888823513686e-06, 44.53307078654123]",3.1216233793811696,3.1216233793811696,1.0
"[42.64515423796187, 5.326195355752549e-07, 42.64515423796187]","[42.64515423796187, -5.326195355752549e-07, 42.64515423796187]",3.0388141228789545,3.0388141228789545,1.0
"[41.3994072590325, -1.635965837027628e-06, 41.3994072590325]","[41.3994072590325, 1.635965837027628e-06, 41.3994072590325]",0.05691372524852443,0.05691372524852443,1.0
"[41.598312505583664, 1.3988709112021208e-06, 41.598312505583664]","[41.598312505583664, -1.3988709112021208e-06, 41.598312505583664]",0.6985795888188686,0.6985795888188686,1.0
"[40.46018680282404, -3.57538483119471e-06, 40.46018680282404]","[40.46018680282404, 3.57538483119471e-06, 40.46018680282404]",0.36882096410671517,0.36882096410671517,1.0
"[42.207621758646, -4.583851277773074e-06, 42.207621758646]","[42.207621758646, 4.583851277773074e-06, 42.207621758646]",0.46519925243644206,0.46519925243644206,1.0
"[43.69308310100863, -8.412431130155784e-09, 43.69308310100863]","[43.69308310100863, 8.412431130155784e-09, 43.69308310100863]",3.4692412343597008,3.4692412343597008,1.0
"[42.30162648842772, -3.420390123459109e-06, 42.30162648842772]","[42.30162648842772, 3.420390123459109e-06, 42.30162648842772]",4.920153917893979,4.920153917893979,1.0
"[40.12553897877904, -1.9447407917789332e-06, 40.12553897877904]","[40.12553897877904, 1.9447407917789332e-06, 40.12553897877904]",0.01957352308246418,0.01957352308246418,1.0
