Initial_Weights,Final_Weights,Runtime_Before,Runtime_After,Fidelity,
"[1.0, 2.267793837638138, 1.0]","[-1.0, 2.267793837638138, -1.0]",4.157761123,0.001787291,1,2.079774207
"[1.0, -3.0151501351496615, 1.0]","[-1.0, -3.0151501351496615, -1.0]",0.001334739,5.211036027,1,
"[1.0, -4.129482069041073, 1.0]","[-1.0, -4.129482069041073, -1.0]",1.372154562,5.480320899,1,
"[1.0, -9.434555368612656, 1.0]","[-1.0, -9.434555368612656, -1.0]",7.819802877,7.168304905,1,
"[1.0, -6.404943472324539, 1.0]","[-1.0, -6.404943472324539, -1.0]",7.488977445,2.80697971,1,
"[1.0, -7.001396663092751, 1.0]","[-1.0, -7.001396663092751, -1.0]",3.453733191,7.768246613,1,
"[1.0, -6.084866947276234, 1.0]","[-1.0, -6.084866947276234, -1.0]",4.907089986,4.907089969,1,
"[1.0, -7.811270959239701, 1.0]","[-1.0, -7.811270959239701, -1.0]",6.231892044,6.231892022,1,
"[1.0, -7.550952107151611, 1.0]","[-1.0, -7.550952107151611, -1.0]",5.632620259,6.436988341,1,
"[1.0, -5.003700282270755, 1.0]","[-1.0, -5.003700282270755, -1.0]",2.33453985,5.832582813,1,
"[1.0, -2.7874923860229877, 1.0]","[-1.0, -2.7874923860229877, -1.0]",5.497646452,9.160499889,1,
"[1.0, -0.8090398739504809, 1.0]","[-1.0, -0.8090398739504809, -1.0]",2.906083132,8.730751769,1,8.727626175
"[1.0, -4.587318731844478, 1.0]","[-1.0, -4.587318731844478, -1.0]",2.508466656,5.019557362,1,
"[1.0, -8.063177525314373, 1.0]","[-1.0, -8.063177525314373, -1.0]",5.29625432,7.565230453,1,
"[1.0, -7.811260753584989, 1.0]","[-1.0, -7.811260753584989, -1.0]",8.573633102,3.898201831,1,
"[1.0, -7.2813382290176305, 1.0]","[-1.0, -7.2813382290176305, -1.0]",2.495536299,9.152241701,1,
"[1.0, -4.129482005049983, 1.0]","[-1.0, -4.129482005049983, -1.0]",4.110932154,2.741543393,1,
"[1.0, -5.3881569440237955, 1.0]","[-1.0, -5.3881569440237955, -1.0]",5.468562326,3.282105682,1,
"[1.0, -7.0013964624952045, 1.0]","[-1.0, -7.0013964624952045, -1.0]",4.31663548,6.905343628,1,
"[1.0, -4.129484490098245, 1.0]","[-1.0, -4.129484490098245, -1.0]",4.105399752,2.736011673,1,
"[1.0, -2.2677866979115313, 1.0]","[-1.0, -2.2677866979115313, -1.0]",6.23763707,6.237637069,1,
"[1.0, -3.6147835113836533, 1.0]","[-1.0, -3.6147835113836533, -1.0]",3.044790859,3.044790901,1,
"[1.0, -4.587318639508707, 1.0]","[-1.0, -4.587318639508707, -1.0]",5.019558545,2.50846772,1,
"[1.0, -3.614785400094903, 1.0]","[-1.0, -3.614785400094903, -1.0]",3.038877467,3.038877493,1,
"[1.0, -1.154677213765591, 1.0]","[-1.0, -1.154677213765591, -1.0]",2.722600387,0.00189442,1,
"[1.0, -3.6147854008875986, 1.0]","[-1.0, -3.6147854008875986, -1.0]",3.038877108,3.038877179,1,
"[1.0, -5.388161312159161, 1.0]","[-1.0, -5.388161312159161, -1.0]",5.463716889,3.277261779,1,
"[1.0, -5.74704636343129, 1.0]","[-1.0, -5.74704636343129, -1.0]",4.132548159,5.165099321,1,
"[1.0, -3.0151130087194886, 1.0]","[-1.0, -3.0151130087194886, -1.0]",0.003238308,5.212980747,1,
"[1.0, -5.00370031153969, 1.0]","[-1.0, -5.00370031153969, -1.0]",5.832583777,2.334540847,1,
"[1.0, 4.129481812597144, 1.0]","[-1.0, 4.129481812597144, -1.0]",0.002765553,6.849709927,1,
"[1.0, 5.003700490069826, 1.0]","[-1.0, 5.003700490069826, -1.0]",4.666569308,3.500555101,1,
"[1.0, 7.001396514764685, 1.0]","[-1.0, 7.001396514764685, -1.0]",6.90534391,4.316635821,1,
"[1.0, 5.388161297823564, 1.0]","[-1.0, 5.388161297823564, -1.0]",2.18403452,6.556944816,1,
"[1.0, 6.404943261916384, 1.0]","[-1.0, 6.404943261916384, -1.0]",5.616177982,4.679778478,1,
"[1.0, 2.2677869782249984, 1.0]","[-1.0, 2.2677869782249984, -1.0]",8.308140044,4.152203748,1,
"[1.0, 4.129484453284543, 1.0]","[-1.0, 4.129484453284543, -1.0]",2.736010543,4.105398692,1,
"[1.0, 4.587315738534911, 1.0]","[-1.0, 4.587315738534911, -1.0]",5.024807899,2.513715892,1,
"[1.0, 3.0151141836517366, 1.0]","[-1.0, 3.0151141836517366, -1.0]",3.46992377,1.733343493,1,
"[1.0, -2.2677872582326115, 1.0]","[-1.0, -2.2677872582326115, -1.0]",2.074235279,2.074235204,1,
"[1.0, -3.614785475178818, 1.0]","[-1.0, -3.614785475178818, -1.0]",4.559794067,1.517960775,1,
"[1.0, 3.614783511225559, 1.0]","[-1.0, 3.614783511225559, -1.0]",3.044790746,3.044790755,1,
"[1.0, 5.388161220960289, 1.0]","[-1.0, 5.388161220960289, -1.0]",2.184034269,6.556944649,1,
"[1.0, 7.001404804902055, 1.0]","[-1.0, 7.001404804902055, -1.0]",7.7639935,3.449484752,1,
"[1.0, 3.614785400191216, 1.0]","[-1.0, 3.614785400191216, -1.0]",3.038877554,3.038877518,1,
"[1.0, 4.58731556479058, 1.0]","[-1.0, 4.58731556479058, -1.0]",3.769261688,3.769261645,1,
"[1.0, 3.6147853184549814, 1.0]","[-1.0, 3.6147853184549814, -1.0]",1.517960247,4.559793764,1,
"[1.0, 6.404943235477586, 1.0]","[-1.0, 6.404943235477586, -1.0]",3.743379011,6.55257778,1,
"[1.0, 5.388156866029315, 1.0]","[-1.0, 5.388156866029315, -1.0]",4.375333795,4.375333814,1,
"[1.0, 6.084866946916011, 1.0]","[-1.0, 6.084866946916011, -1.0]",4.907089986,4.907090025,1,
"[1.0, 7.001404811755565, 1.0]","[-1.0, 7.001404811755565, -1.0]",7.763993483,3.449484742,1,
"[1.0, 6.404936728312194, 1.0]","[-1.0, 6.404936728312194, -1.0]",5.620622298,4.68422188,1,
"[1.0, 6.404943218432591, 1.0]","[-1.0, 6.404943218432591, -1.0]",4.679778292,5.616177864,1,
"[1.0, 8.54477764342936, 1.0]","[-1.0, 8.54477764342936, -1.0]",7.161660032,6.445686191,1,
"[1.0, 5.003700458450141, 1.0]","[-1.0, 5.003700458450141, -1.0]",3.500554961,4.66656923,1,
"[1.0, 7.00140448357273, 1.0]","[-1.0, 7.00140448357273, -1.0]",6.038189281,5.175287577,1,
"[1.0, 6.08487287901462, 1.0]","[-1.0, 6.08487287901462, -1.0]",5.883491456,3.921568466,1,
"[1.0, 2.7874923959493736, 1.0]","[-1.0, 2.7874923959493736, -1.0]",7.329072943,7.329072937,1,
"[1.0, 4.129484506479988, 1.0]","[-1.0, 4.129484506479988, -1.0]",4.105398908,2.736010859,1,
"[1.0, 4.5873155517218285, 1.0]","[-1.0, 4.5873155517218285, -1.0]",2.513716886,5.024809125,1,
"[1.0, -3.0151140922276904, 1.0]","[-1.0, -3.0151140922276904, -1.0]",1.733342994,3.469923452,1,
"[1.0, -4.587318653492389, 1.0]","[-1.0, -4.587318653492389, -1.0]",3.764012896,3.764012843,1,
"[1.0, -6.084866820417121, 1.0]","[-1.0, -6.084866820417121, -1.0]",3.926127244,5.888052209,1,
"[1.0, -5.388156594667663, 1.0]","[-1.0, -5.388156594667663, -1.0]",7.655019333,1.095648772,1,
"[1.0, -3.015112737906999, 1.0]","[-1.0, -3.015112737906999, -1.0]",3.476398434,1.739817414,1,
"[1.0, 2.267787258363948, 1.0]","[-1.0, 2.267787258363948, -1.0]",2.074235255,2.0742353,1,
"[1.0, -5.747046447254041, 1.0]","[-1.0, -5.747046447254041, -1.0]",5.165099341,4.13254832,1,